case,marker_id,element_id,center_r_um,center_height_above_surface_um,vx_m_s,vy_m_s,layer_id
ep_5p0uj_ejecta_8500ms,1,7361,0.000000,0.205000,0.000000,8500.000000,0
ep_5p0uj_ejecta_8500ms,2,7362,0.600000,0.205000,58.924236,8467.426019,0
ep_5p0uj_ejecta_8500ms,3,7363,1.200000,0.205000,116.498789,8370.451150,0
ep_5p0uj_ejecta_8500ms,4,7364,1.800000,0.205000,171.425370,8211.288135,0
ep_5p0uj_ejecta_8500ms,5,7365,2.400000,0.205000,222.505744,7993.531444,0
ep_5p0uj_ejecta_8500ms,6,7366,3.000000,0.205000,268.685114,7722.022341,0
ep_5p0uj_ejecta_8500ms,7,7367,3.600000,0.205000,309.088031,7402.670009,0
ep_5p0uj_ejecta_8500ms,8,7368,4.200000,0.205000,343.045151,7042.237972,0
ep_5p0uj_ejecta_8500ms,9,7369,4.800000,0.205000,370.109735,6648.106584,0
ep_5p0uj_ejecta_8500ms,10,7370,5.400000,0.205000,390.063468,6228.023185,0
ep_5p0uj_ejecta_8500ms,11,7371,6.000000,0.205000,402.911799,5789.851674,0
ep_5p0uj_ejecta_8500ms,12,7372,6.600000,0.205000,408.869635,5341.332644,0
ep_5p0uj_ejecta_8500ms,13,7373,7.200000,0.205000,408.338733,4889.864033,0
ep_5p0uj_ejecta_8500ms,14,7374,7.800000,0.205000,401.878536,4442.310507,0
ep_5p0uj_ejecta_8500ms,15,7375,8.400000,0.205000,390.172443,4004.847744,0
ep_5p0uj_ejecta_8500ms,16,7376,9.000000,0.205000,373.991632,3582.845479,0
ep_5p0uj_ejecta_8500ms,17,7377,9.600000,0.205000,354.158482,3180.790877,0
ep_5p0uj_ejecta_8500ms,18,7378,10.200000,0.205000,331.511498,2802.251602,0
ep_5p0uj_ejecta_8500ms,19,7379,10.800000,0.205000,306.873339,2449.876012,0
ep_5p0uj_ejecta_8500ms,20,7380,11.400000,0.205000,281.023219,2125.426323,0
ep_5p0uj_ejecta_8500ms,21,7381,12.000000,0.205000,254.674533,1829.839401,0
ep_5p0uj_ejecta_8500ms,22,7382,12.600000,0.205000,228.458177,1563.309132,0
ep_5p0uj_ejecta_8500ms,23,7383,13.200000,0.205000,202.911637,1325.384005,0
ep_5p0uj_ejecta_8500ms,24,7384,13.800000,0.205000,178.473582,1115.073656,0
ep_5p0uj_ejecta_8500ms,25,7385,14.400000,0.205000,155.483442,930.958574,0
ep_5p0uj_ejecta_8500ms,26,7386,15.000000,0.205000,134.185220,771.297862,0
ep_5p0uj_ejecta_8500ms,27,7387,15.600000,0.205000,114.734695,634.130831,0
ep_5p0uj_ejecta_8500ms,28,7388,16.200000,0.205000,97.209093,517.369211,0
ep_5p0uj_ejecta_8500ms,29,7389,16.800000,0.205000,81.618356,418.877721,0
ep_5p0uj_ejecta_8500ms,30,7390,17.400000,0.205000,67.917151,336.541723,0
ep_5p0uj_ejecta_8500ms,31,7391,18.000000,0.205000,56.016935,268.321539,0
ep_5p0uj_ejecta_8500ms,32,7392,0.000000,0.455000,0.000000,9350.000000,1
ep_5p0uj_ejecta_8500ms,33,7393,0.600000,0.455000,58.924236,9314.168621,1
ep_5p0uj_ejecta_8500ms,34,7394,1.200000,0.455000,116.498789,9207.496265,1
ep_5p0uj_ejecta_8500ms,35,7395,1.800000,0.455000,171.425370,9032.416948,1
ep_5p0uj_ejecta_8500ms,36,7396,2.400000,0.455000,222.505744,8792.884588,1
ep_5p0uj_ejecta_8500ms,37,7397,3.000000,0.455000,268.685114,8494.224575,1
ep_5p0uj_ejecta_8500ms,38,7398,3.600000,0.455000,309.088031,8142.937010,1
ep_5p0uj_ejecta_8500ms,39,7399,4.200000,0.455000,343.045151,7746.461769,1
ep_5p0uj_ejecta_8500ms,40,7400,4.800000,0.455000,370.109735,7312.917243,1
ep_5p0uj_ejecta_8500ms,41,7401,5.400000,0.455000,390.063468,6850.825503,1
ep_5p0uj_ejecta_8500ms,42,7402,6.000000,0.455000,402.911799,6368.836841,1
ep_5p0uj_ejecta_8500ms,43,7403,6.600000,0.455000,408.869635,5875.465909,1
ep_5p0uj_ejecta_8500ms,44,7404,7.200000,0.455000,408.338733,5378.850436,1
ep_5p0uj_ejecta_8500ms,45,7405,7.800000,0.455000,401.878536,4886.541557,1
ep_5p0uj_ejecta_8500ms,46,7406,8.400000,0.455000,390.172443,4405.332518,1
ep_5p0uj_ejecta_8500ms,47,7407,9.000000,0.455000,373.991632,3941.130027,1
ep_5p0uj_ejecta_8500ms,48,7408,9.600000,0.455000,354.158482,3498.869964,1
ep_5p0uj_ejecta_8500ms,49,7409,10.200000,0.455000,331.511498,3082.476762,1
ep_5p0uj_ejecta_8500ms,50,7410,10.800000,0.455000,306.873339,2694.863614,1
ep_5p0uj_ejecta_8500ms,51,7411,11.400000,0.455000,281.023219,2337.968955,1
ep_5p0uj_ejecta_8500ms,52,7412,12.000000,0.455000,254.674533,2012.823341,1
ep_5p0uj_ejecta_8500ms,53,7413,12.600000,0.455000,228.458177,1719.640045,1
ep_5p0uj_ejecta_8500ms,54,7414,13.200000,0.455000,202.911637,1457.922405,1
ep_5p0uj_ejecta_8500ms,55,7415,13.800000,0.455000,178.473582,1226.581021,1
ep_5p0uj_ejecta_8500ms,56,7416,14.400000,0.455000,155.483442,1024.054432,1
ep_5p0uj_ejecta_8500ms,57,7417,15.000000,0.455000,134.185220,848.427648,1
ep_5p0uj_ejecta_8500ms,58,7418,15.600000,0.455000,114.734695,697.543914,1
ep_5p0uj_ejecta_8500ms,59,7419,16.200000,0.455000,97.209093,569.106132,1
ep_5p0uj_ejecta_8500ms,60,7420,16.800000,0.455000,81.618356,460.765493,1
ep_5p0uj_ejecta_8500ms,61,7421,17.400000,0.455000,67.917151,370.195895,1
ep_5p0uj_ejecta_8500ms,62,7422,18.000000,0.455000,56.016935,295.153693,1
ep_5p0uj_ejecta_8500ms,63,7423,0.000000,0.705000,0.000000,10200.000000,2
ep_5p0uj_ejecta_8500ms,64,7424,0.600000,0.705000,58.924236,10160.911223,2
ep_5p0uj_ejecta_8500ms,65,7425,1.200000,0.705000,116.498789,10044.541380,2
ep_5p0uj_ejecta_8500ms,66,7426,1.800000,0.705000,171.425370,9853.545762,2
ep_5p0uj_ejecta_8500ms,67,7427,2.400000,0.705000,222.505744,9592.237733,2
ep_5p0uj_ejecta_8500ms,68,7428,3.000000,0.705000,268.685114,9266.426809,2
ep_5p0uj_ejecta_8500ms,69,7429,3.600000,0.705000,309.088031,8883.204010,2
ep_5p0uj_ejecta_8500ms,70,7430,4.200000,0.705000,343.045151,8450.685567,2
ep_5p0uj_ejecta_8500ms,71,7431,4.800000,0.705000,370.109735,7977.727901,2
ep_5p0uj_ejecta_8500ms,72,7432,5.400000,0.705000,390.063468,7473.627822,2
ep_5p0uj_ejecta_8500ms,73,7433,6.000000,0.705000,402.911799,6947.822008,2
ep_5p0uj_ejecta_8500ms,74,7434,6.600000,0.705000,408.869635,6409.599173,2
ep_5p0uj_ejecta_8500ms,75,7435,7.200000,0.705000,408.338733,5867.836840,2
ep_5p0uj_ejecta_8500ms,76,7436,7.800000,0.705000,401.878536,5330.772608,2
ep_5p0uj_ejecta_8500ms,77,7437,8.400000,0.705000,390.172443,4805.817292,2
ep_5p0uj_ejecta_8500ms,78,7438,9.000000,0.705000,373.991632,4299.414574,2
ep_5p0uj_ejecta_8500ms,79,7439,9.600000,0.705000,354.158482,3816.949052,2
ep_5p0uj_ejecta_8500ms,80,7440,10.200000,0.705000,331.511498,3362.701922,2
ep_5p0uj_ejecta_8500ms,81,7441,10.800000,0.705000,306.873339,2939.851215,2
ep_5p0uj_ejecta_8500ms,82,7442,11.400000,0.705000,281.023219,2550.511588,2
ep_5p0uj_ejecta_8500ms,83,7443,12.000000,0.705000,254.674533,2195.807281,2
ep_5p0uj_ejecta_8500ms,84,7444,12.600000,0.705000,228.458177,1875.970958,2
ep_5p0uj_ejecta_8500ms,85,7445,13.200000,0.705000,202.911637,1590.460805,2
ep_5p0uj_ejecta_8500ms,86,7446,13.800000,0.705000,178.473582,1338.088387,2
ep_5p0uj_ejecta_8500ms,87,7447,14.400000,0.705000,155.483442,1117.150289,2
ep_5p0uj_ejecta_8500ms,88,7448,15.000000,0.705000,134.185220,925.557434,2
ep_5p0uj_ejecta_8500ms,89,7449,15.600000,0.705000,114.734695,760.956997,2
ep_5p0uj_ejecta_8500ms,90,7450,16.200000,0.705000,97.209093,620.843053,2
ep_5p0uj_ejecta_8500ms,91,7451,16.800000,0.705000,81.618356,502.653265,2
ep_5p0uj_ejecta_8500ms,92,7452,17.400000,0.705000,67.917151,403.850067,2
ep_5p0uj_ejecta_8500ms,93,7453,18.000000,0.705000,56.016935,321.985847,2
ep_5p0uj_ejecta_8500ms,94,7454,0.000000,0.955000,0.000000,11050.000000,3
ep_5p0uj_ejecta_8500ms,95,7455,0.600000,0.955000,58.924236,11007.653824,3
ep_5p0uj_ejecta_8500ms,96,7456,1.200000,0.955000,116.498789,10881.586495,3
ep_5p0uj_ejecta_8500ms,97,7457,1.800000,0.955000,171.425370,10674.674575,3
ep_5p0uj_ejecta_8500ms,98,7458,2.400000,0.955000,222.505744,10391.590877,3
ep_5p0uj_ejecta_8500ms,99,7459,3.000000,0.955000,268.685114,10038.629043,3
ep_5p0uj_ejecta_8500ms,100,7460,3.600000,0.955000,309.088031,9623.471011,3
ep_5p0uj_ejecta_8500ms,101,7461,4.200000,0.955000,343.045151,9154.909364,3
ep_5p0uj_ejecta_8500ms,102,7462,4.800000,0.955000,370.109735,8642.538559,3
ep_5p0uj_ejecta_8500ms,103,7463,5.400000,0.955000,390.063468,8096.430140,3
ep_5p0uj_ejecta_8500ms,104,7464,6.000000,0.955000,402.911799,7526.807176,3
ep_5p0uj_ejecta_8500ms,105,7465,6.600000,0.955000,408.869635,6943.732437,3
ep_5p0uj_ejecta_8500ms,106,7466,7.200000,0.955000,408.338733,6356.823243,3
ep_5p0uj_ejecta_8500ms,107,7467,7.800000,0.955000,401.878536,5775.003659,3
ep_5p0uj_ejecta_8500ms,108,7468,8.400000,0.955000,390.172443,5206.302067,3
ep_5p0uj_ejecta_8500ms,109,7469,9.000000,0.955000,373.991632,4657.699122,3
ep_5p0uj_ejecta_8500ms,110,7470,9.600000,0.955000,354.158482,4135.028140,3
ep_5p0uj_ejecta_8500ms,111,7471,10.200000,0.955000,331.511498,3642.927083,3
ep_5p0uj_ejecta_8500ms,112,7472,10.800000,0.955000,306.873339,3184.838816,3
ep_5p0uj_ejecta_8500ms,113,7473,11.400000,0.955000,281.023219,2763.054220,3
ep_5p0uj_ejecta_8500ms,114,7474,12.000000,0.955000,254.674533,2378.791221,3
ep_5p0uj_ejecta_8500ms,115,7475,12.600000,0.955000,228.458177,2032.301871,3
ep_5p0uj_ejecta_8500ms,116,7476,13.200000,0.955000,202.911637,1722.999206,3
ep_5p0uj_ejecta_8500ms,117,7477,13.800000,0.955000,178.473582,1449.595753,3
ep_5p0uj_ejecta_8500ms,118,7478,14.400000,0.955000,155.483442,1210.246147,3
ep_5p0uj_ejecta_8500ms,119,7479,15.000000,0.955000,134.185220,1002.687220,3
ep_5p0uj_ejecta_8500ms,120,7480,15.600000,0.955000,114.734695,824.370080,3
ep_5p0uj_ejecta_8500ms,121,7481,16.200000,0.955000,97.209093,672.579974,3
ep_5p0uj_ejecta_8500ms,122,7482,16.800000,0.955000,81.618356,544.541037,3
ep_5p0uj_ejecta_8500ms,123,7483,17.400000,0.955000,67.917151,437.504240,3
ep_5p0uj_ejecta_8500ms,124,7484,18.000000,0.955000,56.016935,348.818000,3
ep_5p0uj_ejecta_8500ms,125,7485,0.000000,1.205000,0.000000,11900.000000,4
ep_5p0uj_ejecta_8500ms,126,7486,0.600000,1.205000,58.924236,11854.396426,4
ep_5p0uj_ejecta_8500ms,127,7487,1.200000,1.205000,116.498789,11718.631610,4
ep_5p0uj_ejecta_8500ms,128,7488,1.800000,1.205000,171.425370,11495.803388,4
ep_5p0uj_ejecta_8500ms,129,7489,2.400000,1.205000,222.505744,11190.944022,4
ep_5p0uj_ejecta_8500ms,130,7490,3.000000,1.205000,268.685114,10810.831278,4
ep_5p0uj_ejecta_8500ms,131,7491,3.600000,1.205000,309.088031,10363.738012,4
ep_5p0uj_ejecta_8500ms,132,7492,4.200000,1.205000,343.045151,9859.133161,4
ep_5p0uj_ejecta_8500ms,133,7493,4.800000,1.205000,370.109735,9307.349218,4
ep_5p0uj_ejecta_8500ms,134,7494,5.400000,1.205000,390.063468,8719.232459,4
ep_5p0uj_ejecta_8500ms,135,7495,6.000000,1.205000,402.911799,8105.792343,4
ep_5p0uj_ejecta_8500ms,136,7496,6.600000,1.205000,408.869635,7477.865702,4
ep_5p0uj_ejecta_8500ms,137,7497,7.200000,1.205000,408.338733,6845.809646,4
ep_5p0uj_ejecta_8500ms,138,7498,7.800000,1.205000,401.878536,6219.234710,4
ep_5p0uj_ejecta_8500ms,139,7499,8.400000,1.205000,390.172443,5606.786841,4
ep_5p0uj_ejecta_8500ms,140,7500,9.000000,1.205000,373.991632,5015.983670,4
ep_5p0uj_ejecta_8500ms,141,7501,9.600000,1.205000,354.158482,4453.107228,4
ep_5p0uj_ejecta_8500ms,142,7502,10.200000,1.205000,331.511498,3923.152243,4
ep_5p0uj_ejecta_8500ms,143,7503,10.800000,1.205000,306.873339,3429.826417,4
ep_5p0uj_ejecta_8500ms,144,7504,11.400000,1.205000,281.023219,2975.596852,4
ep_5p0uj_ejecta_8500ms,145,7505,12.000000,1.205000,254.674533,2561.775161,4
ep_5p0uj_ejecta_8500ms,146,7506,12.600000,1.205000,228.458177,2188.632784,4
ep_5p0uj_ejecta_8500ms,147,7507,13.200000,1.205000,202.911637,1855.537606,4
ep_5p0uj_ejecta_8500ms,148,7508,13.800000,1.205000,178.473582,1561.103118,4
ep_5p0uj_ejecta_8500ms,149,7509,14.400000,1.205000,155.483442,1303.342004,4
ep_5p0uj_ejecta_8500ms,150,7510,15.000000,1.205000,134.185220,1079.817006,4
ep_5p0uj_ejecta_8500ms,151,7511,15.600000,1.205000,114.734695,887.783163,4
ep_5p0uj_ejecta_8500ms,152,7512,16.200000,1.205000,97.209093,724.316895,4
ep_5p0uj_ejecta_8500ms,153,7513,16.800000,1.205000,81.618356,586.428809,4
ep_5p0uj_ejecta_8500ms,154,7514,17.400000,1.205000,67.917151,471.158412,4
ep_5p0uj_ejecta_8500ms,155,7515,18.000000,1.205000,56.016935,375.650154,4
ep_5p0uj_ejecta_8500ms,156,7516,0.000000,1.455000,0.000000,12750.000000,5
ep_5p0uj_ejecta_8500ms,157,7517,0.600000,1.455000,58.924236,12701.139028,5
ep_5p0uj_ejecta_8500ms,158,7518,1.200000,1.455000,116.498789,12555.676725,5
ep_5p0uj_ejecta_8500ms,159,7519,1.800000,1.455000,171.425370,12316.932202,5
ep_5p0uj_ejecta_8500ms,160,7520,2.400000,1.455000,222.505744,11990.297166,5
ep_5p0uj_ejecta_8500ms,161,7521,3.000000,1.455000,268.685114,11583.033512,5
ep_5p0uj_ejecta_8500ms,162,7522,3.600000,1.455000,309.088031,11104.005013,5
ep_5p0uj_ejecta_8500ms,163,7523,4.200000,1.455000,343.045151,10563.356958,5
ep_5p0uj_ejecta_8500ms,164,7524,4.800000,1.455000,370.109735,9972.159876,5
ep_5p0uj_ejecta_8500ms,165,7525,5.400000,1.455000,390.063468,9342.034777,5
ep_5p0uj_ejecta_8500ms,166,7526,6.000000,1.455000,402.911799,8684.777510,5
ep_5p0uj_ejecta_8500ms,167,7527,6.600000,1.455000,408.869635,8011.998966,5
ep_5p0uj_ejecta_8500ms,168,7528,7.200000,1.455000,408.338733,7334.796050,5
ep_5p0uj_ejecta_8500ms,169,7529,7.800000,1.455000,401.878536,6663.465760,5
ep_5p0uj_ejecta_8500ms,170,7530,8.400000,1.455000,390.172443,6007.271615,5
ep_5p0uj_ejecta_8500ms,171,7531,9.000000,1.455000,373.991632,5374.268218,5
ep_5p0uj_ejecta_8500ms,172,7532,9.600000,1.455000,354.158482,4771.186315,5
ep_5p0uj_ejecta_8500ms,173,7533,10.200000,1.455000,331.511498,4203.377403,5
ep_5p0uj_ejecta_8500ms,174,7534,10.800000,1.455000,306.873339,3674.814019,5
ep_5p0uj_ejecta_8500ms,175,7535,11.400000,1.455000,281.023219,3188.139484,5
ep_5p0uj_ejecta_8500ms,176,7536,12.000000,1.455000,254.674533,2744.759101,5
ep_5p0uj_ejecta_8500ms,177,7537,12.600000,1.455000,228.458177,2344.963698,5
ep_5p0uj_ejecta_8500ms,178,7538,13.200000,1.455000,202.911637,1988.076007,5
ep_5p0uj_ejecta_8500ms,179,7539,13.800000,1.455000,178.473582,1672.610484,5
ep_5p0uj_ejecta_8500ms,180,7540,14.400000,1.455000,155.483442,1396.437862,5
ep_5p0uj_ejecta_8500ms,181,7541,15.000000,1.455000,134.185220,1156.946792,5
ep_5p0uj_ejecta_8500ms,182,7542,15.600000,1.455000,114.734695,951.196246,5
ep_5p0uj_ejecta_8500ms,183,7543,16.200000,1.455000,97.209093,776.053817,5
ep_5p0uj_ejecta_8500ms,184,7544,16.800000,1.455000,81.618356,628.316581,5
ep_5p0uj_ejecta_8500ms,185,7545,17.400000,1.455000,67.917151,504.812584,5
ep_5p0uj_ejecta_8500ms,186,7546,18.000000,1.455000,56.016935,402.482308,5
ep_5p0uj_ejecta_8500ms,187,7547,0.000000,1.705000,0.000000,13600.000000,6
ep_5p0uj_ejecta_8500ms,188,7548,0.600000,1.705000,58.924236,13547.881630,6
ep_5p0uj_ejecta_8500ms,189,7549,1.200000,1.705000,116.498789,13392.721840,6
ep_5p0uj_ejecta_8500ms,190,7550,1.800000,1.705000,171.425370,13138.061015,6
ep_5p0uj_ejecta_8500ms,191,7551,2.400000,1.705000,222.505744,12789.650310,6
ep_5p0uj_ejecta_8500ms,192,7552,3.000000,1.705000,268.685114,12355.235746,6
ep_5p0uj_ejecta_8500ms,193,7553,3.600000,1.705000,309.088031,11844.272014,6
ep_5p0uj_ejecta_8500ms,194,7554,4.200000,1.705000,343.045151,11267.580755,6
ep_5p0uj_ejecta_8500ms,195,7555,4.800000,1.705000,370.109735,10636.970535,6
ep_5p0uj_ejecta_8500ms,196,7556,5.400000,1.705000,390.063468,9964.837096,6
ep_5p0uj_ejecta_8500ms,197,7557,6.000000,1.705000,402.911799,9263.762678,6
ep_5p0uj_ejecta_8500ms,198,7558,6.600000,1.705000,408.869635,8546.132231,6
ep_5p0uj_ejecta_8500ms,199,7559,7.200000,1.705000,408.338733,7823.782453,6
ep_5p0uj_ejecta_8500ms,200,7560,7.800000,1.705000,401.878536,7107.696811,6
ep_5p0uj_ejecta_8500ms,201,7561,8.400000,1.705000,390.172443,6407.756390,6
ep_5p0uj_ejecta_8500ms,202,7562,9.000000,1.705000,373.991632,5732.552766,6
ep_5p0uj_ejecta_8500ms,203,7563,9.600000,1.705000,354.158482,5089.265403,6
ep_5p0uj_ejecta_8500ms,204,7564,10.200000,1.705000,331.511498,4483.602563,6
ep_5p0uj_ejecta_8500ms,205,7565,10.800000,1.705000,306.873339,3919.801620,6
ep_5p0uj_ejecta_8500ms,206,7566,11.400000,1.705000,281.023219,3400.682117,6
ep_5p0uj_ejecta_8500ms,207,7567,12.000000,1.705000,254.674533,2927.743041,6
ep_5p0uj_ejecta_8500ms,208,7568,12.600000,1.705000,228.458177,2501.294611,6
ep_5p0uj_ejecta_8500ms,209,7569,13.200000,1.705000,202.911637,2120.614407,6
ep_5p0uj_ejecta_8500ms,210,7570,13.800000,1.705000,178.473582,1784.117849,6
ep_5p0uj_ejecta_8500ms,211,7571,14.400000,1.705000,155.483442,1489.533719,6
ep_5p0uj_ejecta_8500ms,212,7572,15.000000,1.705000,134.185220,1234.076578,6
ep_5p0uj_ejecta_8500ms,213,7573,15.600000,1.705000,114.734695,1014.609329,6
ep_5p0uj_ejecta_8500ms,214,7574,16.200000,1.705000,97.209093,827.790738,6
ep_5p0uj_ejecta_8500ms,215,7575,16.800000,1.705000,81.618356,670.204353,6
ep_5p0uj_ejecta_8500ms,216,7576,17.400000,1.705000,67.917151,538.466757,6
ep_5p0uj_ejecta_8500ms,217,7577,18.000000,1.705000,56.016935,429.314462,6
ep_5p0uj_ejecta_8500ms,218,7578,0.000000,1.955000,0.000000,14450.000000,7
ep_5p0uj_ejecta_8500ms,219,7579,0.600000,1.955000,58.924236,14394.624232,7
ep_5p0uj_ejecta_8500ms,220,7580,1.200000,1.955000,116.498789,14229.766955,7
ep_5p0uj_ejecta_8500ms,221,7581,1.800000,1.955000,171.425370,13959.189829,7
ep_5p0uj_ejecta_8500ms,222,7582,2.400000,1.955000,222.505744,13589.003455,7
ep_5p0uj_ejecta_8500ms,223,7583,3.000000,1.955000,268.685114,13127.437980,7
ep_5p0uj_ejecta_8500ms,224,7584,3.600000,1.955000,309.088031,12584.539015,7
ep_5p0uj_ejecta_8500ms,225,7585,4.200000,1.955000,343.045151,11971.804553,7
ep_5p0uj_ejecta_8500ms,226,7586,4.800000,1.955000,370.109735,11301.781193,7
ep_5p0uj_ejecta_8500ms,227,7587,5.400000,1.955000,390.063468,10587.639414,7
ep_5p0uj_ejecta_8500ms,228,7588,6.000000,1.955000,402.911799,9842.747845,7
ep_5p0uj_ejecta_8500ms,229,7589,6.600000,1.955000,408.869635,9080.265495,7
ep_5p0uj_ejecta_8500ms,230,7590,7.200000,1.955000,408.338733,8312.768856,7
ep_5p0uj_ejecta_8500ms,231,7591,7.800000,1.955000,401.878536,7551.927862,7
ep_5p0uj_ejecta_8500ms,232,7592,8.400000,1.955000,390.172443,6808.241164,7
ep_5p0uj_ejecta_8500ms,233,7593,9.000000,1.955000,373.991632,6090.837314,7
ep_5p0uj_ejecta_8500ms,234,7594,9.600000,1.955000,354.158482,5407.344491,7
ep_5p0uj_ejecta_8500ms,235,7595,10.200000,1.955000,331.511498,4763.827723,7
ep_5p0uj_ejecta_8500ms,236,7596,10.800000,1.955000,306.873339,4164.789221,7
ep_5p0uj_ejecta_8500ms,237,7597,11.400000,1.955000,281.023219,3613.224749,7
ep_5p0uj_ejecta_8500ms,238,7598,12.000000,1.955000,254.674533,3110.726981,7
ep_5p0uj_ejecta_8500ms,239,7599,12.600000,1.955000,228.458177,2657.625524,7
ep_5p0uj_ejecta_8500ms,240,7600,13.200000,1.955000,202.911637,2253.152808,7
ep_5p0uj_ejecta_8500ms,241,7601,13.800000,1.955000,178.473582,1895.625215,7
ep_5p0uj_ejecta_8500ms,242,7602,14.400000,1.955000,155.483442,1582.629576,7
ep_5p0uj_ejecta_8500ms,243,7603,15.000000,1.955000,134.185220,1311.206365,7
ep_5p0uj_ejecta_8500ms,244,7604,15.600000,1.955000,114.734695,1078.022412,7
ep_5p0uj_ejecta_8500ms,245,7605,16.200000,1.955000,97.209093,879.527659,7
ep_5p0uj_ejecta_8500ms,246,7606,16.800000,1.955000,81.618356,712.092125,7
ep_5p0uj_ejecta_8500ms,247,7607,17.400000,1.955000,67.917151,572.120929,7
ep_5p0uj_ejecta_8500ms,248,7608,18.000000,1.955000,56.016935,456.146616,7
ep_5p0uj_ejecta_8500ms,249,7609,0.000000,2.205000,0.000000,15300.000000,8
ep_5p0uj_ejecta_8500ms,250,7610,0.600000,2.205000,58.924236,15241.366834,8
ep_5p0uj_ejecta_8500ms,251,7611,1.200000,2.205000,116.498789,15066.812070,8
ep_5p0uj_ejecta_8500ms,252,7612,1.800000,2.205000,171.425370,14780.318642,8
ep_5p0uj_ejecta_8500ms,253,7613,2.400000,2.205000,222.505744,14388.356599,8
ep_5p0uj_ejecta_8500ms,254,7614,3.000000,2.205000,268.685114,13899.640214,8
ep_5p0uj_ejecta_8500ms,255,7615,3.600000,2.205000,309.088031,13324.806016,8
ep_5p0uj_ejecta_8500ms,256,7616,4.200000,2.205000,343.045151,12676.028350,8
ep_5p0uj_ejecta_8500ms,257,7617,4.800000,2.205000,370.109735,11966.591851,8
ep_5p0uj_ejecta_8500ms,258,7618,5.400000,2.205000,390.063468,11210.441733,8
ep_5p0uj_ejecta_8500ms,259,7619,6.000000,2.205000,402.911799,10421.733012,8
ep_5p0uj_ejecta_8500ms,260,7620,6.600000,2.205000,408.869635,9614.398760,8
ep_5p0uj_ejecta_8500ms,261,7621,7.200000,2.205000,408.338733,8801.755259,8
ep_5p0uj_ejecta_8500ms,262,7622,7.800000,2.205000,401.878536,7996.158912,8
ep_5p0uj_ejecta_8500ms,263,7623,8.400000,2.205000,390.172443,7208.725939,8
ep_5p0uj_ejecta_8500ms,264,7624,9.000000,2.205000,373.991632,6449.121862,8
ep_5p0uj_ejecta_8500ms,265,7625,9.600000,2.205000,354.158482,5725.423578,8
ep_5p0uj_ejecta_8500ms,266,7626,10.200000,2.205000,331.511498,5044.052884,8
ep_5p0uj_ejecta_8500ms,267,7627,10.800000,2.205000,306.873339,4409.776822,8
ep_5p0uj_ejecta_8500ms,268,7628,11.400000,2.205000,281.023219,3825.767381,8
ep_5p0uj_ejecta_8500ms,269,7629,12.000000,2.205000,254.674533,3293.710921,8
ep_5p0uj_ejecta_8500ms,270,7630,12.600000,2.205000,228.458177,2813.956437,8
ep_5p0uj_ejecta_8500ms,271,7631,13.200000,2.205000,202.911637,2385.691208,8
ep_5p0uj_ejecta_8500ms,272,7632,13.800000,2.205000,178.473582,2007.132580,8
ep_5p0uj_ejecta_8500ms,273,7633,14.400000,2.205000,155.483442,1675.725434,8
ep_5p0uj_ejecta_8500ms,274,7634,15.000000,2.205000,134.185220,1388.336151,8
ep_5p0uj_ejecta_8500ms,275,7635,15.600000,2.205000,114.734695,1141.435495,8
ep_5p0uj_ejecta_8500ms,276,7636,16.200000,2.205000,97.209093,931.264580,8
ep_5p0uj_ejecta_8500ms,277,7637,16.800000,2.205000,81.618356,753.979897,8
ep_5p0uj_ejecta_8500ms,278,7638,17.400000,2.205000,67.917151,605.775101,8
ep_5p0uj_ejecta_8500ms,279,7639,18.000000,2.205000,56.016935,482.978770,8
ep_5p0uj_ejecta_8500ms,280,7640,0.000000,2.455000,0.000000,16150.000000,9
ep_5p0uj_ejecta_8500ms,281,7641,0.600000,2.455000,58.924236,16088.109436,9
ep_5p0uj_ejecta_8500ms,282,7642,1.200000,2.455000,116.498789,15903.857185,9
ep_5p0uj_ejecta_8500ms,283,7643,1.800000,2.455000,171.425370,15601.447456,9
ep_5p0uj_ejecta_8500ms,284,7644,2.400000,2.455000,222.505744,15187.709744,9
ep_5p0uj_ejecta_8500ms,285,7645,3.000000,2.455000,268.685114,14671.842448,9
ep_5p0uj_ejecta_8500ms,286,7646,3.600000,2.455000,309.088031,14065.073017,9
ep_5p0uj_ejecta_8500ms,287,7647,4.200000,2.455000,343.045151,13380.252147,9
ep_5p0uj_ejecta_8500ms,288,7648,4.800000,2.455000,370.109735,12631.402510,9
ep_5p0uj_ejecta_8500ms,289,7649,5.400000,2.455000,390.063468,11833.244051,9
ep_5p0uj_ejecta_8500ms,290,7650,6.000000,2.455000,402.911799,11000.718180,9
ep_5p0uj_ejecta_8500ms,291,7651,6.600000,2.455000,408.869635,10148.532024,9
ep_5p0uj_ejecta_8500ms,292,7652,7.200000,2.455000,408.338733,9290.741663,9
ep_5p0uj_ejecta_8500ms,293,7653,7.800000,2.455000,401.878536,8440.389963,9
ep_5p0uj_ejecta_8500ms,294,7654,8.400000,2.455000,390.172443,7609.210713,9
ep_5p0uj_ejecta_8500ms,295,7655,9.000000,2.455000,373.991632,6807.406409,9
ep_5p0uj_ejecta_8500ms,296,7656,9.600000,2.455000,354.158482,6043.502666,9
ep_5p0uj_ejecta_8500ms,297,7657,10.200000,2.455000,331.511498,5324.278044,9
ep_5p0uj_ejecta_8500ms,298,7658,10.800000,2.455000,306.873339,4654.764424,9
ep_5p0uj_ejecta_8500ms,299,7659,11.400000,2.455000,281.023219,4038.310014,9
ep_5p0uj_ejecta_8500ms,300,7660,12.000000,2.455000,254.674533,3476.694861,9
ep_5p0uj_ejecta_8500ms,301,7661,12.600000,2.455000,228.458177,2970.287350,9
ep_5p0uj_ejecta_8500ms,302,7662,13.200000,2.455000,202.911637,2518.229609,9
ep_5p0uj_ejecta_8500ms,303,7663,13.800000,2.455000,178.473582,2118.639946,9
ep_5p0uj_ejecta_8500ms,304,7664,14.400000,2.455000,155.483442,1768.821291,9
ep_5p0uj_ejecta_8500ms,305,7665,15.000000,2.455000,134.185220,1465.465937,9
ep_5p0uj_ejecta_8500ms,306,7666,15.600000,2.455000,114.734695,1204.848578,9
ep_5p0uj_ejecta_8500ms,307,7667,16.200000,2.455000,97.209093,983.001501,9
ep_5p0uj_ejecta_8500ms,308,7668,16.800000,2.455000,81.618356,795.867669,9
ep_5p0uj_ejecta_8500ms,309,7669,17.400000,2.455000,67.917151,639.429273,9
ep_5p0uj_ejecta_8500ms,310,7670,18.000000,2.455000,56.016935,509.810924,9
ep_5p0uj_ejecta_8500ms,311,7671,0.000000,2.705000,0.000000,17000.000000,10
ep_5p0uj_ejecta_8500ms,312,7672,0.600000,2.705000,58.924236,16934.852038,10
ep_5p0uj_ejecta_8500ms,313,7673,1.200000,2.705000,116.498789,16740.902300,10
ep_5p0uj_ejecta_8500ms,314,7674,1.800000,2.705000,171.425370,16422.576269,10
ep_5p0uj_ejecta_8500ms,315,7675,2.400000,2.705000,222.505744,15987.062888,10
ep_5p0uj_ejecta_8500ms,316,7676,3.000000,2.705000,268.685114,15444.044682,10
ep_5p0uj_ejecta_8500ms,317,7677,3.600000,2.705000,309.088031,14805.340017,10
ep_5p0uj_ejecta_8500ms,318,7678,4.200000,2.705000,343.045151,14084.475944,10
ep_5p0uj_ejecta_8500ms,319,7679,4.800000,2.705000,370.109735,13296.213168,10
ep_5p0uj_ejecta_8500ms,320,7680,5.400000,2.705000,390.063468,12456.046370,10
ep_5p0uj_ejecta_8500ms,321,7681,6.000000,2.705000,402.911799,11579.703347,10
ep_5p0uj_ejecta_8500ms,322,7682,6.600000,2.705000,408.869635,10682.665288,10
ep_5p0uj_ejecta_8500ms,323,7683,7.200000,2.705000,408.338733,9779.728066,10
ep_5p0uj_ejecta_8500ms,324,7684,7.800000,2.705000,401.878536,8884.621014,10
ep_5p0uj_ejecta_8500ms,325,7685,8.400000,2.705000,390.172443,8009.695487,10
ep_5p0uj_ejecta_8500ms,326,7686,9.000000,2.705000,373.991632,7165.690957,10
ep_5p0uj_ejecta_8500ms,327,7687,9.600000,2.705000,354.158482,6361.581754,10
ep_5p0uj_ejecta_8500ms,328,7688,10.200000,2.705000,331.511498,5604.503204,10
ep_5p0uj_ejecta_8500ms,329,7689,10.800000,2.705000,306.873339,4899.752025,10
ep_5p0uj_ejecta_8500ms,330,7690,11.400000,2.705000,281.023219,4250.852646,10
ep_5p0uj_ejecta_8500ms,331,7691,12.000000,2.705000,254.674533,3659.678801,10
ep_5p0uj_ejecta_8500ms,332,7692,12.600000,2.705000,228.458177,3126.618263,10
ep_5p0uj_ejecta_8500ms,333,7693,13.200000,2.705000,202.911637,2650.768009,10
ep_5p0uj_ejecta_8500ms,334,7694,13.800000,2.705000,178.473582,2230.147312,10
ep_5p0uj_ejecta_8500ms,335,7695,14.400000,2.705000,155.483442,1861.917149,10
ep_5p0uj_ejecta_8500ms,336,7696,15.000000,2.705000,134.185220,1542.595723,10
ep_5p0uj_ejecta_8500ms,337,7697,15.600000,2.705000,114.734695,1268.261661,10
ep_5p0uj_ejecta_8500ms,338,7698,16.200000,2.705000,97.209093,1034.738422,10
ep_5p0uj_ejecta_8500ms,339,7699,16.800000,2.705000,81.618356,837.755441,10
ep_5p0uj_ejecta_8500ms,340,7700,17.400000,2.705000,67.917151,673.083446,10
ep_5p0uj_ejecta_8500ms,341,7701,18.000000,2.705000,56.016935,536.643078,10
ep_5p0uj_ejecta_8500ms,342,7702,0.000000,2.955000,0.000000,17850.000000,11
ep_5p0uj_ejecta_8500ms,343,7703,0.600000,2.955000,58.924236,17781.594640,11
ep_5p0uj_ejecta_8500ms,344,7704,1.200000,2.955000,116.498789,17577.947415,11
ep_5p0uj_ejecta_8500ms,345,7705,1.800000,2.955000,171.425370,17243.705083,11
ep_5p0uj_ejecta_8500ms,346,7706,2.400000,2.955000,222.505744,16786.416032,11
ep_5p0uj_ejecta_8500ms,347,7707,3.000000,2.955000,268.685114,16216.246916,11
ep_5p0uj_ejecta_8500ms,348,7708,3.600000,2.955000,309.088031,15545.607018,11
ep_5p0uj_ejecta_8500ms,349,7709,4.200000,2.955000,343.045151,14788.699742,11
ep_5p0uj_ejecta_8500ms,350,7710,4.800000,2.955000,370.109735,13961.023827,11
ep_5p0uj_ejecta_8500ms,351,7711,5.400000,2.955000,390.063468,13078.848688,11
ep_5p0uj_ejecta_8500ms,352,7712,6.000000,2.955000,402.911799,12158.688514,11
ep_5p0uj_ejecta_8500ms,353,7713,6.600000,2.955000,408.869635,11216.798553,11
ep_5p0uj_ejecta_8500ms,354,7714,7.200000,2.955000,408.338733,10268.714469,11
ep_5p0uj_ejecta_8500ms,355,7715,7.800000,2.955000,401.878536,9328.852064,11
ep_5p0uj_ejecta_8500ms,356,7716,8.400000,2.955000,390.172443,8410.180262,11
ep_5p0uj_ejecta_8500ms,357,7717,9.000000,2.955000,373.991632,7523.975505,11
ep_5p0uj_ejecta_8500ms,358,7718,9.600000,2.955000,354.158482,6679.660841,11
ep_5p0uj_ejecta_8500ms,359,7719,10.200000,2.955000,331.511498,5884.728364,11
ep_5p0uj_ejecta_8500ms,360,7720,10.800000,2.955000,306.873339,5144.739626,11
ep_5p0uj_ejecta_8500ms,361,7721,11.400000,2.955000,281.023219,4463.395278,11
ep_5p0uj_ejecta_8500ms,362,7722,12.000000,2.955000,254.674533,3842.662741,11
ep_5p0uj_ejecta_8500ms,363,7723,12.600000,2.955000,228.458177,3282.949177,11
ep_5p0uj_ejecta_8500ms,364,7724,13.200000,2.955000,202.911637,2783.306410,11
ep_5p0uj_ejecta_8500ms,365,7725,13.800000,2.955000,178.473582,2341.654677,11
ep_5p0uj_ejecta_8500ms,366,7726,14.400000,2.955000,155.483442,1955.013006,11
ep_5p0uj_ejecta_8500ms,367,7727,15.000000,2.955000,134.185220,1619.725509,11
ep_5p0uj_ejecta_8500ms,368,7728,15.600000,2.955000,114.734695,1331.674744,11
ep_5p0uj_ejecta_8500ms,369,7729,16.200000,2.955000,97.209093,1086.475343,11
ep_5p0uj_ejecta_8500ms,370,7730,16.800000,2.955000,81.618356,879.643214,11
ep_5p0uj_ejecta_8500ms,371,7731,17.400000,2.955000,67.917151,706.737618,11
ep_5p0uj_ejecta_8500ms,372,7732,18.000000,2.955000,56.016935,563.475232,11
ep_5p0uj_ejecta_8500ms,373,7733,0.000000,3.205000,0.000000,18700.000000,12
ep_5p0uj_ejecta_8500ms,374,7734,0.600000,3.205000,58.924236,18628.337241,12
ep_5p0uj_ejecta_8500ms,375,7735,1.200000,3.205000,116.498789,18414.992530,12
ep_5p0uj_ejecta_8500ms,376,7736,1.800000,3.205000,171.425370,18064.833896,12
ep_5p0uj_ejecta_8500ms,377,7737,2.400000,3.205000,222.505744,17585.769177,12
ep_5p0uj_ejecta_8500ms,378,7738,3.000000,3.205000,268.685114,16988.449150,12
ep_5p0uj_ejecta_8500ms,379,7739,3.600000,3.205000,309.088031,16285.874019,12
ep_5p0uj_ejecta_8500ms,380,7740,4.200000,3.205000,343.045151,15492.923539,12
ep_5p0uj_ejecta_8500ms,381,7741,4.800000,3.205000,370.109735,14625.834485,12
ep_5p0uj_ejecta_8500ms,382,7742,5.400000,3.205000,390.063468,13701.651007,12
ep_5p0uj_ejecta_8500ms,383,7743,6.000000,3.205000,402.911799,12737.673682,12
ep_5p0uj_ejecta_8500ms,384,7744,6.600000,3.205000,408.869635,11750.931817,12
ep_5p0uj_ejecta_8500ms,385,7745,7.200000,3.205000,408.338733,10757.700873,12
ep_5p0uj_ejecta_8500ms,386,7746,7.800000,3.205000,401.878536,9773.083115,12
ep_5p0uj_ejecta_8500ms,387,7747,8.400000,3.205000,390.172443,8810.665036,12
ep_5p0uj_ejecta_8500ms,388,7748,9.000000,3.205000,373.991632,7882.260053,12
ep_5p0uj_ejecta_8500ms,389,7749,9.600000,3.205000,354.158482,6997.739929,12
ep_5p0uj_ejecta_8500ms,390,7750,10.200000,3.205000,331.511498,6164.953524,12
ep_5p0uj_ejecta_8500ms,391,7751,10.800000,3.205000,306.873339,5389.727227,12
ep_5p0uj_ejecta_8500ms,392,7752,11.400000,3.205000,281.023219,4675.937911,12
ep_5p0uj_ejecta_8500ms,393,7753,12.000000,3.205000,254.674533,4025.646681,12
ep_5p0uj_ejecta_8500ms,394,7754,12.600000,3.205000,228.458177,3439.280090,12
ep_5p0uj_ejecta_8500ms,395,7755,13.200000,3.205000,202.911637,2915.844810,12
ep_5p0uj_ejecta_8500ms,396,7756,13.800000,3.205000,178.473582,2453.162043,12
ep_5p0uj_ejecta_8500ms,397,7757,14.400000,3.205000,155.483442,2048.108864,12
ep_5p0uj_ejecta_8500ms,398,7758,15.000000,3.205000,134.185220,1696.855295,12
ep_5p0uj_ejecta_8500ms,399,7759,15.600000,3.205000,114.734695,1395.087827,12
ep_5p0uj_ejecta_8500ms,400,7760,16.200000,3.205000,97.209093,1138.212264,12
ep_5p0uj_ejecta_8500ms,401,7761,16.800000,3.205000,81.618356,921.530986,12
ep_5p0uj_ejecta_8500ms,402,7762,17.400000,3.205000,67.917151,740.391790,12
ep_5p0uj_ejecta_8500ms,403,7763,18.000000,3.205000,56.016935,590.307385,12
ep_5p0uj_ejecta_8500ms,404,7764,0.000000,3.455000,0.000000,19550.000000,13
ep_5p0uj_ejecta_8500ms,405,7765,0.600000,3.455000,58.924236,19475.079843,13
ep_5p0uj_ejecta_8500ms,406,7766,1.200000,3.455000,116.498789,19252.037645,13
ep_5p0uj_ejecta_8500ms,407,7767,1.800000,3.455000,171.425370,18885.962710,13
ep_5p0uj_ejecta_8500ms,408,7768,2.400000,3.455000,222.505744,18385.122321,13
ep_5p0uj_ejecta_8500ms,409,7769,3.000000,3.455000,268.685114,17760.651385,13
ep_5p0uj_ejecta_8500ms,410,7770,3.600000,3.455000,309.088031,17026.141020,13
ep_5p0uj_ejecta_8500ms,411,7771,4.200000,3.455000,343.045151,16197.147336,13
ep_5p0uj_ejecta_8500ms,412,7772,4.800000,3.455000,370.109735,15290.645144,13
ep_5p0uj_ejecta_8500ms,413,7773,5.400000,3.455000,390.063468,14324.453325,13
ep_5p0uj_ejecta_8500ms,414,7774,6.000000,3.455000,402.911799,13316.658849,13
ep_5p0uj_ejecta_8500ms,415,7775,6.600000,3.455000,408.869635,12285.065082,13
ep_5p0uj_ejecta_8500ms,416,7776,7.200000,3.455000,408.338733,11246.687276,13
ep_5p0uj_ejecta_8500ms,417,7777,7.800000,3.455000,401.878536,10217.314166,13
ep_5p0uj_ejecta_8500ms,418,7778,8.400000,3.455000,390.172443,9211.149810,13
ep_5p0uj_ejecta_8500ms,419,7779,9.000000,3.455000,373.991632,8240.544601,13
ep_5p0uj_ejecta_8500ms,420,7780,9.600000,3.455000,354.158482,7315.819017,13
ep_5p0uj_ejecta_8500ms,421,7781,10.200000,3.455000,331.511498,6445.178684,13
ep_5p0uj_ejecta_8500ms,422,7782,10.800000,3.455000,306.873339,5634.714829,13
ep_5p0uj_ejecta_8500ms,423,7783,11.400000,3.455000,281.023219,4888.480543,13
ep_5p0uj_ejecta_8500ms,424,7784,12.000000,3.455000,254.674533,4208.630621,13
ep_5p0uj_ejecta_8500ms,425,7785,12.600000,3.455000,228.458177,3595.611003,13
ep_5p0uj_ejecta_8500ms,426,7786,13.200000,3.455000,202.911637,3048.383210,13
ep_5p0uj_ejecta_8500ms,427,7787,13.800000,3.455000,178.473582,2564.669408,13
ep_5p0uj_ejecta_8500ms,428,7788,14.400000,3.455000,155.483442,2141.204721,13
ep_5p0uj_ejecta_8500ms,429,7789,15.000000,3.455000,134.185220,1773.985082,13
ep_5p0uj_ejecta_8500ms,430,7790,15.600000,3.455000,114.734695,1458.500910,13
ep_5p0uj_ejecta_8500ms,431,7791,16.200000,3.455000,97.209093,1189.949185,13
ep_5p0uj_ejecta_8500ms,432,7792,16.800000,3.455000,81.618356,963.418758,13
ep_5p0uj_ejecta_8500ms,433,7793,17.400000,3.455000,67.917151,774.045963,13
ep_5p0uj_ejecta_8500ms,434,7794,18.000000,3.455000,56.016935,617.139539,13
